campaign_id,brand,category,platform,total_budget,start_date,end_date,target_creator_tier
C001,Brand_1,D2C,instagram,200000,2026-01-01,2026-01-08,nano
C002,Brand_2,FMCG,youtube,200000,2026-01-08,2026-01-15,nano
C003,Brand_3,FMCG,instagram,75000,2026-01-15,2026-01-22,mid
C004,Brand_4,entertainment,youtube,200000,2026-01-22,2026-01-29,nano
C005,Brand_5,finance,youtube,200000,2026-01-29,2026-02-05,mid
C006,Brand_6,entertainment,youtube,150000,2026-02-05,2026-02-12,mid
C007,Brand_7,FMCG,instagram,150000,2026-02-12,2026-02-19,mid
C008,Brand_8,FMCG,youtube,50000,2026-02-19,2026-02-26,macro
C009,Brand_9,FMCG,instagram,100000,2026-02-26,2026-03-05,mid
C010,Brand_10,gaming,youtube,100000,2026-03-05,2026-03-12,micro
C011,Brand_11,entertainment,youtube,150000,2026-03-12,2026-03-19,mid
C012,Brand_12,finance,instagram,75000,2026-03-19,2026-03-26,macro
C013,Brand_13,entertainment,instagram,200000,2026-03-26,2026-04-02,micro
C014,Brand_14,finance,youtube,200000,2026-04-02,2026-04-09,micro
C015,Brand_15,D2C,youtube,100000,2026-04-09,2026-04-16,micro
C016,Brand_16,FMCG,instagram,200000,2026-04-16,2026-04-23,macro
C017,Brand_17,entertainment,instagram,200000,2026-04-23,2026-04-30,macro
C018,Brand_18,entertainment,instagram,200000,2026-04-30,2026-05-07,mid
C019,Brand_19,D2C,instagram,200000,2026-05-07,2026-05-14,macro
C020,Brand_20,finance,youtube,50000,2026-05-14,2026-05-21,micro
C021,Brand_21,FMCG,youtube,150000,2026-05-21,2026-05-28,mid
C022,Brand_22,FMCG,instagram,150000,2026-05-28,2026-06-04,micro
C023,Brand_23,finance,instagram,100000,2026-06-04,2026-06-11,micro
C024,Brand_24,FMCG,youtube,75000,2026-06-11,2026-06-18,macro
C025,Brand_25,entertainment,youtube,75000,2026-06-18,2026-06-25,nano
C026,Brand_26,gaming,instagram,75000,2026-06-25,2026-07-02,micro
C027,Brand_27,D2C,instagram,100000,2026-07-02,2026-07-09,macro
C028,Brand_28,gaming,youtube,75000,2026-07-09,2026-07-16,macro
C029,Brand_29,gaming,instagram,150000,2026-07-16,2026-07-23,micro
C030,Brand_30,entertainment,instagram,100000,2026-07-23,2026-07-30,nano
