creator_id,platform,follower_count,tier,account_age_months,historical_avg_views_per_post,historical_completion_rate
CR0001,youtube,1803,nano,55,683,0.66
CR0002,youtube,8727,nano,117,1052,0.71
CR0003,youtube,7457,nano,101,1089,0.4
CR0004,youtube,5053,nano,79,3764,0.76
CR0005,instagram,5908,nano,16,1302,0.15
CR0006,instagram,5991,nano,78,4018,0.71
CR0007,instagram,7304,nano,56,5682,0.72
CR0008,instagram,9038,nano,59,1771,0.14
CR0009,instagram,5919,nano,111,3328,0.87
CR0010,youtube,7702,nano,48,2267,0.48
CR0011,instagram,8161,nano,84,1203,0.28
CR0012,youtube,5281,nano,55,2917,0.77
CR0013,youtube,6667,nano,93,1895,0.74
CR0014,youtube,8490,nano,38,2891,0.65
CR0015,instagram,6730,nano,97,1345,0.73
CR0016,instagram,1066,nano,86,584,0.72
CR0017,instagram,6000,nano,10,2859,0.19
CR0018,youtube,2258,nano,59,1244,0.55
CR0019,youtube,1712,nano,70,900,0.55
CR0020,youtube,5982,nano,9,1662,0.45
CR0021,instagram,9844,nano,119,3508,0.29
CR0022,youtube,8680,nano,38,813,0.33
CR0023,youtube,4908,nano,63,2295,0.63
CR0024,instagram,8055,nano,98,2857,0.23
CR0025,instagram,4008,nano,93,471,0.47
CR0026,youtube,7501,nano,63,1282,0.22
CR0027,youtube,5475,nano,24,2105,0.34
CR0028,youtube,4429,nano,47,2315,0.17
CR0029,instagram,4083,nano,47,3149,0.66
CR0030,youtube,9177,nano,116,2288,0.72
CR0031,youtube,3350,nano,90,1296,0.18
CR0032,instagram,3450,nano,57,2507,0.26
CR0033,instagram,7494,nano,68,3630,0.79
CR0034,instagram,2590,nano,88,1602,0.45
CR0035,youtube,3778,nano,16,1843,0.17
CR0036,youtube,6848,nano,10,2477,0.5
CR0037,instagram,2694,nano,83,426,0.57
CR0038,instagram,1930,nano,111,343,0.56
CR0039,instagram,5023,nano,39,2477,0.87
CR0040,instagram,1205,nano,95,496,0.17
CR0041,instagram,3482,nano,56,1455,0.56
CR0042,youtube,9440,nano,36,3824,0.37
CR0043,youtube,5905,nano,38,2239,0.76
CR0044,youtube,1194,nano,21,862,0.54
CR0045,instagram,3841,nano,19,2128,0.63
CR0046,youtube,3531,nano,93,2101,0.19
CR0047,youtube,6531,nano,32,1454,0.54
CR0048,instagram,1336,nano,100,438,0.75
CR0049,instagram,9668,nano,78,7392,0.51
CR0050,youtube,3618,nano,112,875,0.23
CR0051,instagram,5798,nano,116,2181,0.81
CR0052,youtube,9931,nano,107,6072,0.81
CR0053,youtube,2043,nano,8,586,0.63
CR0054,youtube,7948,nano,16,2624,0.7
CR0055,instagram,4419,nano,114,3325,0.2
CR0056,youtube,3168,nano,23,2133,0.24
CR0057,youtube,4304,nano,11,3038,0.35
CR0058,instagram,2767,nano,116,1751,0.5
CR0059,instagram,4903,nano,25,296,0.21
CR0060,youtube,3066,nano,19,1711,0.51
CR0061,youtube,9347,nano,53,4541,0.74
CR0062,instagram,2797,nano,90,1640,0.2
CR0063,instagram,4904,nano,15,3656,0.34
CR0064,youtube,4578,nano,81,1906,0.86
CR0065,instagram,5689,nano,62,4230,0.54
CR0066,youtube,1223,nano,18,642,0.21
CR0067,instagram,7739,nano,24,5995,0.85
CR0068,instagram,6364,nano,59,4157,0.73
CR0069,instagram,8622,nano,38,1136,0.74
CR0070,instagram,8464,nano,66,1900,0.58
CR0071,youtube,9399,nano,39,4721,0.4
CR0072,instagram,4713,nano,80,1741,0.79
CR0073,instagram,3466,nano,36,817,0.7
CR0074,youtube,3129,nano,18,2072,0.15
CR0075,youtube,5278,nano,27,842,0.35
CR0076,youtube,8421,nano,110,1329,0.23
CR0077,instagram,2402,nano,57,396,0.12
CR0078,instagram,2039,nano,25,186,0.14
CR0079,youtube,4863,nano,97,2725,0.35
CR0080,youtube,4542,nano,105,1945,0.78
CR0081,instagram,5828,nano,107,1084,0.3
CR0082,youtube,3130,nano,53,1497,0.14
CR0083,instagram,1063,nano,107,470,0.77
CR0084,instagram,1915,nano,111,170,0.18
CR0085,youtube,8534,nano,33,6204,0.74
CR0086,youtube,9816,nano,79,6229,0.72
CR0087,instagram,7651,nano,42,3458,0.79
CR0088,youtube,5628,nano,49,2234,0.61
CR0089,instagram,3248,nano,55,502,0.43
CR0090,instagram,5300,nano,47,1189,0.39
CR0091,instagram,7632,nano,26,2553,0.34
CR0092,youtube,7171,nano,110,5461,0.48
CR0093,instagram,7932,nano,115,3581,0.62
CR0094,youtube,8637,nano,66,5642,0.61
CR0095,instagram,1652,nano,10,993,0.66
CR0096,youtube,2821,nano,21,1962,0.59
CR0097,instagram,6725,nano,72,3996,0.85
CR0098,youtube,1760,nano,115,269,0.74
CR0099,youtube,4660,nano,119,2968,0.86
CR0100,youtube,8156,nano,73,1957,0.18
CR0101,youtube,5684,nano,20,1014,0.56
CR0102,youtube,6084,nano,65,2430,0.71
CR0103,youtube,9281,nano,32,3889,0.84
CR0104,youtube,6396,nano,19,894,0.17
CR0105,youtube,5393,nano,111,1962,0.64
CR0106,youtube,7968,nano,108,2392,0.71
CR0107,instagram,6710,nano,66,2168,0.23
CR0108,instagram,3829,nano,112,615,0.45
CR0109,instagram,7637,nano,26,4561,0.85
CR0110,youtube,5976,nano,60,3796,0.4
CR0111,youtube,6867,nano,102,4039,0.19
CR0112,youtube,9560,nano,78,6576,0.2
CR0113,youtube,5303,nano,68,2993,0.46
CR0114,instagram,1110,nano,39,742,0.47
CR0115,instagram,3838,nano,64,1060,0.73
CR0116,instagram,9265,nano,119,1231,0.8
CR0117,instagram,7160,nano,10,4852,0.9
CR0118,instagram,1957,nano,80,1074,0.17
CR0119,youtube,7126,nano,34,511,0.21
CR0120,youtube,3167,nano,28,2003,0.83
CR0121,youtube,36001,micro,6,2776,0.14
CR0122,youtube,10488,micro,97,5290,0.29
CR0123,youtube,35901,micro,82,3336,0.84
CR0124,youtube,82086,micro,85,51638,0.77
CR0125,instagram,50189,micro,18,10104,0.5
CR0126,youtube,21243,micro,77,12934,0.78
CR0127,instagram,50390,micro,12,30282,0.32
CR0128,youtube,27373,micro,117,15942,0.59
CR0129,instagram,55838,micro,6,28601,0.81
CR0130,instagram,13811,micro,25,8040,0.17
CR0131,instagram,79322,micro,73,62269,0.73
CR0132,youtube,51270,micro,71,27034,0.22
CR0133,youtube,32346,micro,53,8927,0.66
CR0134,instagram,62021,micro,113,33300,0.22
CR0135,youtube,51549,micro,110,18198,0.2
CR0136,youtube,52675,micro,37,7931,0.34
CR0137,instagram,65322,micro,51,33199,0.43
CR0138,youtube,67116,micro,30,23932,0.57
CR0139,instagram,64141,micro,40,4941,0.48
CR0140,instagram,47656,micro,71,10445,0.55
CR0141,youtube,63074,micro,72,33805,0.35
CR0142,instagram,68718,micro,68,44018,0.45
CR0143,youtube,57669,micro,115,18482,0.69
CR0144,instagram,56146,micro,111,40133,0.5
CR0145,youtube,76005,micro,34,49395,0.77
CR0146,instagram,38300,micro,19,16109,0.16
CR0147,youtube,88166,micro,14,8082,0.37
CR0148,youtube,35255,micro,41,6336,0.69
CR0149,instagram,91250,micro,86,61172,0.4
CR0150,instagram,87089,micro,74,14387,0.2
CR0151,instagram,55747,micro,14,42859,0.72
CR0152,youtube,99591,micro,84,28206,0.66
CR0153,instagram,77776,micro,44,41273,0.27
CR0154,instagram,10965,micro,24,4866,0.23
CR0155,youtube,47597,micro,115,37689,0.77
CR0156,youtube,60037,micro,22,47593,0.46
CR0157,instagram,85865,micro,101,9448,0.45
CR0158,youtube,77979,micro,23,31347,0.24
CR0159,youtube,31967,micro,78,2668,0.33
CR0160,youtube,30956,micro,72,12928,0.49
CR0161,instagram,11251,micro,101,2618,0.61
CR0162,instagram,85922,micro,82,46128,0.71
CR0163,instagram,65244,micro,90,21201,0.37
CR0164,instagram,58557,micro,61,40015,0.71
CR0165,youtube,72024,micro,55,30869,0.57
CR0166,instagram,91859,micro,44,63171,0.5
CR0167,youtube,86317,micro,8,11112,0.83
CR0168,instagram,45869,micro,26,23995,0.37
CR0169,instagram,38482,micro,75,2640,0.46
CR0170,instagram,93471,micro,74,26232,0.11
CR0171,instagram,47396,micro,65,27360,0.89
CR0172,youtube,67039,micro,60,34543,0.71
CR0173,youtube,68579,micro,38,40497,0.73
CR0174,instagram,96689,micro,19,67692,0.69
CR0175,instagram,82829,micro,115,38501,0.88
CR0176,instagram,68869,micro,38,54298,0.69
CR0177,youtube,97331,micro,6,30159,0.13
CR0178,youtube,21148,micro,61,13386,0.89
CR0179,instagram,87384,micro,33,68459,0.73
CR0180,instagram,47041,micro,69,5344,0.74
CR0181,youtube,33948,micro,33,22641,0.4
CR0182,instagram,13327,micro,18,1153,0.64
CR0183,youtube,78642,micro,6,49567,0.69
CR0184,instagram,87891,micro,11,57186,0.29
CR0185,youtube,19171,micro,56,13296,0.51
CR0186,youtube,10405,micro,9,5805,0.42
CR0187,youtube,72983,micro,35,40411,0.78
CR0188,youtube,31389,micro,103,9762,0.34
CR0189,youtube,73867,micro,19,25683,0.81
CR0190,youtube,34734,micro,15,6623,0.37
CR0191,youtube,50486,micro,66,33097,0.34
CR0192,youtube,99886,micro,21,35555,0.56
CR0193,youtube,26802,micro,89,15428,0.41
CR0194,instagram,63569,micro,62,46816,0.21
CR0195,instagram,19271,micro,45,1934,0.11
CR0196,youtube,28178,micro,78,10988,0.37
CR0197,instagram,50473,micro,115,38834,0.53
CR0198,instagram,77676,micro,108,20460,0.29
CR0199,instagram,60442,micro,40,44231,0.69
CR0200,youtube,57658,micro,80,28428,0.34
CR0201,instagram,86915,micro,26,25367,0.8
CR0202,instagram,23989,micro,70,6295,0.73
CR0203,youtube,62651,micro,104,23731,0.9
CR0204,instagram,52863,micro,98,29389,0.82
CR0205,youtube,34030,micro,25,6427,0.18
CR0206,instagram,60595,micro,114,32702,0.51
CR0207,instagram,94118,micro,112,7235,0.18
CR0208,instagram,96379,micro,34,7788,0.15
CR0209,instagram,98614,micro,96,43100,0.14
CR0210,youtube,38131,micro,49,5098,0.15
CR0211,youtube,90801,micro,117,18638,0.42
CR0212,instagram,37186,micro,6,13478,0.19
CR0213,youtube,47330,micro,18,2410,0.49
CR0214,instagram,55735,micro,55,16710,0.72
CR0215,youtube,52050,micro,32,12765,0.29
CR0216,youtube,39024,micro,83,15995,0.28
CR0217,instagram,76954,micro,61,57545,0.47
CR0218,instagram,14371,micro,23,8387,0.14
CR0219,instagram,38711,micro,16,28611,0.25
CR0220,instagram,10833,micro,18,795,0.6
CR0221,instagram,52795,micro,32,25178,0.78
CR0222,instagram,63117,micro,103,3380,0.6
CR0223,instagram,51204,micro,119,32243,0.3
CR0224,youtube,86994,micro,57,64296,0.58
CR0225,youtube,91848,micro,89,29497,0.35
CR0226,instagram,831843,mid,74,540207,0.27
CR0227,instagram,563859,mid,99,162519,0.12
CR0228,instagram,170297,mid,8,52768,0.23
CR0229,youtube,693241,mid,40,402820,0.35
CR0230,instagram,764722,mid,73,548699,0.2
CR0231,instagram,798773,mid,12,455158,0.51
CR0232,instagram,255649,mid,6,202942,0.11
CR0233,youtube,598022,mid,50,292121,0.82
CR0234,instagram,214218,mid,67,152155,0.6
CR0235,instagram,264117,mid,56,23213,0.34
CR0236,youtube,635110,mid,101,347859,0.11
CR0237,youtube,146720,mid,102,32786,0.3
CR0238,instagram,886499,mid,69,450410,0.42
CR0239,youtube,776496,mid,92,461492,0.71
CR0240,instagram,610244,mid,53,480605,0.51
CR0241,instagram,948360,mid,46,613609,0.43
CR0242,youtube,568207,mid,107,68499,0.42
CR0243,youtube,244012,mid,47,39537,0.24
CR0244,youtube,965394,mid,103,192747,0.83
CR0245,instagram,319387,mid,106,128505,0.8
CR0246,instagram,760145,mid,64,254108,0.69
CR0247,youtube,687498,mid,114,438087,0.18
CR0248,youtube,612940,mid,104,446208,0.74
CR0249,instagram,552592,mid,55,112340,0.12
CR0250,youtube,769240,mid,48,603406,0.68
CR0251,youtube,938141,mid,77,324570,0.59
CR0252,instagram,387219,mid,52,188088,0.58
CR0253,youtube,618206,mid,13,247733,0.4
CR0254,youtube,277067,mid,20,95748,0.23
CR0255,youtube,377015,mid,8,114841,0.29
CR0256,instagram,959408,mid,91,119152,0.8
CR0257,instagram,409435,mid,117,82528,0.52
CR0258,instagram,267189,mid,35,107226,0.14
CR0259,instagram,107723,mid,33,82892,0.5
CR0260,instagram,687267,mid,34,91419,0.34
CR0261,youtube,381418,mid,94,269865,0.89
CR0262,instagram,911477,mid,114,717127,0.16
CR0263,instagram,469112,mid,31,130577,0.18
CR0264,youtube,597608,mid,76,408971,0.53
CR0265,instagram,568896,mid,57,136501,0.78
CR0266,youtube,244280,mid,89,119250,0.34
CR0267,instagram,863116,mid,18,305233,0.72
CR0268,youtube,784013,mid,113,160809,0.2
CR0269,youtube,309618,mid,49,38794,0.78
CR0270,youtube,338085,mid,53,62416,0.46
CR0271,instagram,266708,mid,21,155406,0.8
CR0272,youtube,866201,mid,66,263750,0.3
CR0273,instagram,399779,mid,10,68338,0.81
CR0274,instagram,946017,mid,65,598846,0.49
CR0275,youtube,506405,mid,100,229110,0.21
CR0276,instagram,491106,mid,114,70841,0.49
CR0277,youtube,850870,mid,48,146930,0.27
CR0278,youtube,598974,mid,9,143686,0.2
CR0279,youtube,241365,mid,110,70273,0.47
CR0280,youtube,647316,mid,66,226779,0.25
CR0281,youtube,855716,mid,99,567965,0.48
CR0282,youtube,767453,mid,110,126367,0.37
CR0283,instagram,603235,mid,12,185074,0.6
CR0284,youtube,815011,mid,96,499706,0.27
CR0285,youtube,289575,mid,38,109601,0.1
CR0286,instagram,2278027,macro,38,1811091,0.15
CR0287,instagram,1795042,macro,55,263462,0.61
CR0288,instagram,1304653,macro,111,449708,0.36
CR0289,youtube,1827874,macro,40,723517,0.58
CR0290,youtube,2319903,macro,114,938604,0.37
CR0291,instagram,2111586,macro,118,1179469,0.13
CR0292,instagram,2692015,macro,107,1042414,0.7
CR0293,youtube,1555506,macro,91,697738,0.34
CR0294,youtube,2319992,macro,47,1764705,0.69
CR0295,instagram,1788443,macro,23,843007,0.51
CR0296,instagram,2439565,macro,53,1781650,0.62
CR0297,instagram,1805428,macro,58,642944,0.2
CR0298,instagram,1880100,macro,82,223342,0.62
CR0299,youtube,2466132,macro,107,159866,0.26
CR0300,youtube,1653094,macro,104,1047422,0.3
