campaign_id,milestone_rank,view_threshold,payout_amount
C001,1,10000,1000
C001,2,50000,4000
C001,3,100000,10000
C001,4,500000,30000
C002,1,10000,1000
C002,2,50000,4000
C002,3,100000,10000
C002,4,500000,30000
C003,1,10000,375
C003,2,50000,1500
C003,3,100000,3750
C003,4,500000,11250
C004,1,10000,1000
C004,2,50000,4000
C004,3,100000,10000
C004,4,500000,30000
C005,1,10000,1000
C005,2,50000,4000
C005,3,100000,10000
C005,4,500000,30000
C006,1,10000,750
C006,2,50000,3000
C006,3,100000,7500
C006,4,500000,22500
C007,1,10000,750
C007,2,50000,3000
C007,3,100000,7500
C007,4,500000,22500
C008,1,10000,250
C008,2,50000,1000
C008,3,100000,2500
C008,4,500000,7500
C009,1,10000,500
C009,2,50000,2000
C009,3,100000,5000
C009,4,500000,15000
C010,1,10000,500
C010,2,50000,2000
C010,3,100000,5000
C010,4,500000,15000
C011,1,10000,750
C011,2,50000,3000
C011,3,100000,7500
C011,4,500000,22500
C012,1,10000,375
C012,2,50000,1500
C012,3,100000,3750
C012,4,500000,11250
C013,1,10000,1000
C013,2,50000,4000
C013,3,100000,10000
C013,4,500000,30000
C014,1,10000,1000
C014,2,50000,4000
C014,3,100000,10000
C014,4,500000,30000
C015,1,10000,500
C015,2,50000,2000
C015,3,100000,5000
C015,4,500000,15000
C016,1,10000,1000
C016,2,50000,4000
C016,3,100000,10000
C016,4,500000,30000
C017,1,10000,1000
C017,2,50000,4000
C017,3,100000,10000
C017,4,500000,30000
C018,1,10000,1000
C018,2,50000,4000
C018,3,100000,10000
C018,4,500000,30000
C019,1,10000,1000
C019,2,50000,4000
C019,3,100000,10000
C019,4,500000,30000
C020,1,10000,250
C020,2,50000,1000
C020,3,100000,2500
C020,4,500000,7500
C021,1,10000,750
C021,2,50000,3000
C021,3,100000,7500
C021,4,500000,22500
C022,1,10000,750
C022,2,50000,3000
C022,3,100000,7500
C022,4,500000,22500
C023,1,10000,500
C023,2,50000,2000
C023,3,100000,5000
C023,4,500000,15000
C024,1,10000,375
C024,2,50000,1500
C024,3,100000,3750
C024,4,500000,11250
C025,1,10000,375
C025,2,50000,1500
C025,3,100000,3750
C025,4,500000,11250
C026,1,10000,375
C026,2,50000,1500
C026,3,100000,3750
C026,4,500000,11250
C027,1,10000,500
C027,2,50000,2000
C027,3,100000,5000
C027,4,500000,15000
C028,1,10000,375
C028,2,50000,1500
C028,3,100000,3750
C028,4,500000,11250
C029,1,10000,750
C029,2,50000,3000
C029,3,100000,7500
C029,4,500000,22500
C030,1,10000,500
C030,2,50000,2000
C030,3,100000,5000
C030,4,500000,15000
