post_id,campaign_id,creator_id,post_date,platform,format,views_at_24h,views_at_7d,views_at_30d,views_final,total_payout_earned,flagged_suspicious
P00001,C001,CR0246,2026-01-01,instagram,reel,221116,522410,656950,656950,30000,False
P00002,C001,CR0166,2026-01-01,instagram,short,21291,42677,69095,69095,4000,False
P00003,C001,CR0232,2026-01-01,instagram,carousel,41699,78270,131748,131748,10000,False
P00004,C001,CR0091,2026-01-01,instagram,carousel,460,1328,1841,1841,0,False
P00005,C001,CR0170,2026-01-01,instagram,long_form,3537,8014,13968,13968,1000,False
P00006,C001,CR0095,2026-01-01,instagram,reel,283,882,1327,1327,0,False
P00007,C001,CR0217,2026-01-01,instagram,short,18444,62427,83586,83586,4000,False
P00008,C001,CR0081,2026-01-01,instagram,reel,76,207,329,329,0,False
P00009,C001,CR0037,2026-01-01,instagram,long_form,101,180,308,308,0,False
P00010,C001,CR0218,2026-01-01,instagram,short,1452,5495,8040,8040,0,False
P00011,C001,CR0008,2026-01-01,instagram,reel,1626,5097,6855,6855,0,True
P00012,C001,CR0161,2026-01-01,instagram,reel,348,1113,1898,1898,0,False
P00013,C001,CR0241,2026-01-01,instagram,reel,26586,77845,103134,103134,10000,False
P00014,C001,CR0127,2026-01-01,instagram,reel,4812,17628,23884,23884,1000,False
P00015,C001,CR0271,2026-01-01,instagram,short,31648,83632,130274,130274,10000,False
P00016,C002,CR0213,2026-01-08,youtube,short,271,891,1560,1560,0,False
P00017,C002,CR0003,2026-01-08,youtube,reel,565,1962,2460,2460,0,False
P00018,C002,CR0132,2026-01-08,youtube,reel,8060,21795,33623,33623,1000,False
P00019,C002,CR0002,2026-01-08,youtube,carousel,644,2068,3418,3418,0,False
P00020,C002,CR0269,2026-01-08,youtube,long_form,8614,20063,29010,29010,1000,False
P00021,C002,CR0057,2026-01-08,youtube,long_form,3369,12201,21696,21696,1000,False
P00022,C002,CR0064,2026-01-08,youtube,short,153,497,760,760,0,False
P00023,C002,CR0124,2026-01-08,youtube,carousel,3259,8866,14354,14354,1000,False
P00024,C002,CR0289,2026-01-08,youtube,carousel,265552,726642,1010400,1010400,30000,False
P00025,C002,CR0004,2026-01-08,youtube,reel,1227,2655,3732,3732,0,False
P00026,C002,CR0237,2026-01-08,youtube,carousel,13062,35817,53537,53537,4000,False
P00027,C002,CR0092,2026-01-08,youtube,carousel,2658,5959,9951,9951,0,False
P00028,C002,CR0143,2026-01-08,youtube,reel,1495,5299,8807,8807,0,False
P00029,C002,CR0280,2026-01-08,youtube,short,102220,199992,317398,317398,10000,False
P00030,C002,CR0013,2026-01-08,youtube,carousel,237,659,1071,1071,0,False
P00031,C003,CR0226,2026-01-15,instagram,carousel,122712,210025,365289,365289,3750,False
P00032,C003,CR0274,2026-01-15,instagram,reel,24534,107354,140683,140683,3750,False
P00033,C003,CR0149,2026-01-15,instagram,short,15066,47178,59035,59035,1500,False
P00034,C003,CR0218,2026-01-15,instagram,reel,4332,8853,12753,12753,375,False
P00035,C003,CR0168,2026-01-15,instagram,long_form,13048,25463,37742,37742,375,False
P00036,C003,CR0199,2026-01-15,instagram,short,1631,4949,7110,7110,0,False
P00037,C003,CR0125,2026-01-15,instagram,carousel,1946,5943,10321,10321,375,False
P00038,C003,CR0179,2026-01-15,instagram,carousel,7120,20215,30728,30728,375,False
P00039,C003,CR0024,2026-01-15,instagram,carousel,1015,1953,3016,3016,0,False
P00040,C003,CR0245,2026-01-15,instagram,short,67524,199117,278608,278608,3750,False
P00041,C003,CR0034,2026-01-15,instagram,long_form,196,577,896,896,0,False
P00042,C003,CR0212,2026-01-15,instagram,reel,2087,5531,9163,9163,0,False
P00043,C003,CR0069,2026-01-15,instagram,carousel,159,600,794,794,0,False
P00044,C003,CR0256,2026-01-15,instagram,carousel,32176,157634,200456,200456,3750,False
P00045,C003,CR0202,2026-01-15,instagram,long_form,1239,2570,4663,4663,0,False
P00046,C004,CR0294,2026-01-22,youtube,reel,1302192,6169978,8384661,8384661,30000,False
P00047,C004,CR0229,2026-01-22,youtube,carousel,15795,78056,104540,104540,10000,False
P00048,C004,CR0003,2026-01-22,youtube,reel,109,338,489,489,0,False
P00049,C004,CR0147,2026-01-22,youtube,short,1843,5058,7394,7394,0,False
P00050,C004,CR0196,2026-01-22,youtube,carousel,9021,16768,28093,28093,1000,False
P00051,C004,CR0020,2026-01-22,youtube,long_form,383,1697,2255,2255,0,False
P00052,C004,CR0264,2026-01-22,youtube,carousel,336640,681972,971744,971744,30000,False
P00053,C004,CR0101,2026-01-22,youtube,short,24,106,142,142,0,False
P00054,C004,CR0215,2026-01-22,youtube,reel,2037,7431,9669,9669,0,False
P00055,C004,CR0177,2026-01-22,youtube,reel,15255,31295,52967,52967,4000,False
P00056,C004,CR0056,2026-01-22,youtube,long_form,484,991,1770,1770,0,False
P00057,C004,CR0251,2026-01-22,youtube,short,94899,318483,533368,533368,30000,False
P00058,C004,CR0057,2026-01-22,youtube,reel,298,572,879,879,0,False
P00059,C004,CR0002,2026-01-22,youtube,carousel,1696,4647,6053,6053,0,False
P00060,C004,CR0299,2026-01-22,youtube,reel,41373,97905,175152,175152,10000,False
P00061,C005,CR0027,2026-01-29,youtube,long_form,101,468,645,645,0,False
P00062,C005,CR0052,2026-01-29,youtube,carousel,5253,11830,15580,15580,1000,True
P00063,C005,CR0251,2026-01-29,youtube,reel,73324,276750,404769,404769,10000,False
P00064,C005,CR0205,2026-01-29,youtube,carousel,687,1982,2998,2998,0,False
P00065,C005,CR0141,2026-01-29,youtube,reel,1111,3675,5914,5914,0,False
P00066,C005,CR0145,2026-01-29,youtube,long_form,4539,10202,14035,14035,1000,False
P00067,C005,CR0294,2026-01-29,youtube,carousel,812122,1394956,2397929,2397929,30000,False
P00068,C005,CR0013,2026-01-29,youtube,reel,459,1375,1775,1775,0,False
P00069,C005,CR0243,2026-01-29,youtube,carousel,17807,47719,73802,73802,4000,False
P00070,C005,CR0022,2026-01-29,youtube,long_form,23,79,140,140,0,False
P00071,C005,CR0135,2026-01-29,youtube,carousel,1667,3420,6122,6122,0,False
P00072,C005,CR0148,2026-01-29,youtube,short,2215,3881,6419,6419,0,False
P00073,C005,CR0165,2026-01-29,youtube,long_form,6755,19254,34244,34244,1000,False
P00074,C005,CR0080,2026-01-29,youtube,short,218,800,1156,1156,0,False
P00075,C005,CR0261,2026-01-29,youtube,carousel,60574,238687,318188,318188,10000,False
P00076,C006,CR0251,2026-02-05,youtube,long_form,26429,68925,120364,120364,7500,False
P00077,C006,CR0159,2026-02-05,youtube,short,6998,13302,20637,20637,750,False
P00078,C006,CR0186,2026-02-05,youtube,carousel,1366,4552,6382,6382,0,False
P00079,C006,CR0224,2026-02-05,youtube,carousel,7890,29448,40314,40314,750,False
P00080,C006,CR0285,2026-02-05,youtube,reel,19669,77366,114717,114717,7500,False
P00081,C006,CR0001,2026-02-05,youtube,reel,254,857,1073,1073,0,False
P00082,C006,CR0018,2026-02-05,youtube,short,647,2767,3964,3964,0,False
P00083,C006,CR0028,2026-02-05,youtube,reel,1523,7566,9513,9513,0,False
P00084,C006,CR0196,2026-02-05,youtube,short,1811,8444,11177,11177,750,False
P00085,C006,CR0264,2026-02-05,youtube,reel,115163,346752,488739,488739,7500,False
P00086,C006,CR0136,2026-02-05,youtube,carousel,3131,7959,11086,11086,750,False
P00087,C006,CR0188,2026-02-05,youtube,short,1670,5351,7107,7107,0,False
P00088,C006,CR0187,2026-02-05,youtube,long_form,3624,13821,18771,18771,750,False
P00089,C006,CR0248,2026-02-05,youtube,reel,174352,466529,633169,633169,22500,False
P00090,C006,CR0046,2026-02-05,youtube,carousel,817,1410,2397,2397,0,False
P00091,C007,CR0208,2026-02-12,instagram,reel,3645,8261,11162,11162,750,False
P00092,C007,CR0039,2026-02-12,instagram,carousel,1022,3089,4614,4614,0,False
P00093,C007,CR0287,2026-02-12,instagram,reel,53331,208991,303961,303961,7500,False
P00094,C007,CR0091,2026-02-12,instagram,long_form,266,807,1083,1083,0,False
P00095,C007,CR0171,2026-02-12,instagram,long_form,15190,29508,48359,48359,750,False
P00096,C007,CR0065,2026-02-12,instagram,long_form,2973,7912,12210,12210,750,False
P00097,C007,CR0051,2026-02-12,instagram,reel,431,1227,2107,2107,0,False
P00098,C007,CR0169,2026-02-12,instagram,long_form,916,2492,4093,4093,0,False
P00099,C007,CR0286,2026-02-12,instagram,carousel,284804,783871,1022272,1022272,22500,False
P00100,C007,CR0062,2026-02-12,instagram,long_form,194,461,594,594,0,False
P00101,C007,CR0127,2026-02-12,instagram,carousel,10994,48044,71783,71783,3000,False
P00102,C007,CR0087,2026-02-12,instagram,long_form,1493,3898,5666,5666,0,False
P00103,C007,CR0202,2026-02-12,instagram,carousel,9689,23923,31398,31398,750,False
P00104,C007,CR0130,2026-02-12,instagram,reel,1252,2400,3819,3819,0,False
P00105,C007,CR0154,2026-02-12,instagram,short,1511,2846,4474,4474,0,False
P00106,C008,CR0192,2026-02-19,youtube,long_form,10446,31192,55259,55259,1000,False
P00107,C008,CR0044,2026-02-19,youtube,long_form,171,389,541,541,0,False
P00108,C008,CR0225,2026-02-19,youtube,reel,11096,42558,54680,54680,1000,False
P00109,C008,CR0019,2026-02-19,youtube,carousel,314,612,1006,1006,0,False
P00110,C008,CR0080,2026-02-19,youtube,short,180,504,766,766,0,False
P00111,C008,CR0289,2026-02-19,youtube,long_form,224688,475834,738209,738209,7500,False
P00112,C008,CR0013,2026-02-19,youtube,carousel,1276,3856,4830,4830,0,True
P00113,C008,CR0120,2026-02-19,youtube,reel,1618,2968,5187,5187,0,False
P00114,C008,CR0266,2026-02-19,youtube,reel,24312,64730,108389,108389,2500,False
P00115,C008,CR0076,2026-02-19,youtube,reel,297,655,923,923,0,False
P00116,C008,CR0002,2026-02-19,youtube,reel,136,381,586,586,0,False
P00117,C008,CR0020,2026-02-19,youtube,carousel,1766,3373,5872,5872,0,False
P00118,C008,CR0210,2026-02-19,youtube,reel,2622,9336,14019,14019,250,False
P00119,C008,CR0156,2026-02-19,youtube,short,17278,34301,55639,55639,1000,False
P00120,C008,CR0280,2026-02-19,youtube,long_form,32802,145650,185318,185318,2500,False
P00121,C009,CR0218,2026-02-26,instagram,reel,19839,48234,86321,86321,2000,False
P00122,C009,CR0228,2026-02-26,instagram,reel,10526,42684,54770,54770,2000,False
P00123,C009,CR0125,2026-02-26,instagram,carousel,4886,14061,24992,24992,500,False
P00124,C009,CR0048,2026-02-26,instagram,carousel,49,96,165,165,0,False
P00125,C009,CR0081,2026-02-26,instagram,reel,401,897,1359,1359,0,False
P00126,C009,CR0201,2026-02-26,instagram,carousel,6769,15890,21551,21551,500,False
P00127,C009,CR0180,2026-02-26,instagram,long_form,730,2497,3696,3696,0,False
P00128,C009,CR0287,2026-02-26,instagram,long_form,206409,522633,671517,671517,15000,False
P00129,C009,CR0062,2026-02-26,instagram,carousel,1296,3090,4540,4540,0,False
P00130,C009,CR0217,2026-02-26,instagram,reel,23113,61202,78519,78519,2000,False
P00131,C009,CR0161,2026-02-26,instagram,reel,4906,11812,17671,17671,500,False
P00132,C009,CR0040,2026-02-26,instagram,carousel,92,176,284,284,0,False
P00133,C009,CR0051,2026-02-26,instagram,carousel,431,961,1247,1247,0,False
P00134,C009,CR0142,2026-02-26,instagram,short,9954,26222,36695,36695,500,False
P00135,C009,CR0298,2026-02-26,instagram,reel,182662,431617,624735,624735,15000,True
P00136,C010,CR0111,2026-03-05,youtube,short,938,1620,2905,2905,0,False
P00137,C010,CR0279,2026-03-05,youtube,long_form,12062,55534,75308,75308,2000,False
P00138,C010,CR0042,2026-03-05,youtube,short,496,917,1519,1519,0,False
P00139,C010,CR0250,2026-03-05,youtube,short,200203,610931,1005340,1005340,15000,False
P00140,C010,CR0266,2026-03-05,youtube,reel,16084,42718,58042,58042,2000,False
P00141,C010,CR0046,2026-03-05,youtube,short,730,2163,3047,3047,0,False
P00142,C010,CR0261,2026-03-05,youtube,reel,62461,197302,284030,284030,5000,False
P00143,C010,CR0141,2026-03-05,youtube,carousel,12249,28919,37054,37054,500,False
P00144,C010,CR0285,2026-03-05,youtube,short,35888,123905,213620,213620,5000,False
P00145,C010,CR0138,2026-03-05,youtube,long_form,2785,9855,16901,16901,500,False
P00146,C010,CR0036,2026-03-05,youtube,carousel,537,1499,1946,1946,0,False
P00147,C010,CR0043,2026-03-05,youtube,long_form,766,1734,2621,2621,0,False
P00148,C010,CR0080,2026-03-05,youtube,short,241,480,781,781,0,False
P00149,C010,CR0165,2026-03-05,youtube,carousel,8643,17169,27144,27144,500,False
P00150,C010,CR0167,2026-03-05,youtube,long_form,2174,4498,7175,7175,0,False
P00151,C011,CR0086,2026-03-12,youtube,reel,910,3015,4357,4357,0,False
P00152,C011,CR0094,2026-03-12,youtube,reel,4848,12415,17671,17671,750,False
P00153,C011,CR0022,2026-03-12,youtube,long_form,318,805,1118,1118,0,False
P00154,C011,CR0236,2026-03-12,youtube,carousel,44996,110969,194112,194112,7500,False
P00155,C011,CR0054,2026-03-12,youtube,reel,322,1239,1636,1636,0,False
P00156,C011,CR0031,2026-03-12,youtube,reel,287,792,1174,1174,0,False
P00157,C011,CR0080,2026-03-12,youtube,long_form,819,2245,3206,3206,0,False
P00158,C011,CR0280,2026-03-12,youtube,long_form,240423,636726,949774,949774,22500,False
P00159,C011,CR0043,2026-03-12,youtube,carousel,1727,3343,5046,5046,0,False
P00160,C011,CR0004,2026-03-12,youtube,long_form,1052,3426,6228,6228,0,False
P00161,C011,CR0002,2026-03-12,youtube,short,168,744,1075,1075,0,False
P00162,C011,CR0143,2026-03-12,youtube,reel,3915,15081,21342,21342,750,False
P00163,C011,CR0053,2026-03-12,youtube,short,180,362,597,597,0,False
P00164,C011,CR0294,2026-03-12,youtube,short,1012129,2561862,3360117,3360117,22500,False
P00165,C011,CR0138,2026-03-12,youtube,carousel,1283,3949,6414,6414,0,False
P00166,C012,CR0063,2026-03-19,instagram,long_form,1111,3090,4354,4354,0,False
P00167,C012,CR0051,2026-03-19,instagram,long_form,53,192,282,282,0,False
P00168,C012,CR0263,2026-03-19,instagram,carousel,54393,124772,156698,156698,3750,False
P00169,C012,CR0262,2026-03-19,instagram,long_form,85364,263938,418808,418808,3750,False
P00170,C012,CR0209,2026-03-19,instagram,long_form,13292,31254,47931,47931,375,False
P00171,C012,CR0095,2026-03-19,instagram,short,490,1319,2268,2268,0,False
P00172,C012,CR0127,2026-03-19,instagram,reel,1251,4732,6397,6397,0,False
P00173,C012,CR0048,2026-03-19,instagram,short,162,624,875,875,0,True
P00174,C012,CR0131,2026-03-19,instagram,carousel,5522,23856,34305,34305,375,False
P00175,C012,CR0055,2026-03-19,instagram,reel,1455,3546,5364,5364,0,False
P00176,C012,CR0169,2026-03-19,instagram,reel,240,600,776,776,0,False
P00177,C012,CR0235,2026-03-19,instagram,reel,3572,8075,13746,13746,375,False
P00178,C012,CR0297,2026-03-19,instagram,carousel,266673,632734,904091,904091,11250,False
P00179,C012,CR0140,2026-03-19,instagram,carousel,415,1083,1693,1693,0,False
P00180,C012,CR0146,2026-03-19,instagram,short,2691,5107,9210,9210,0,True
P00181,C013,CR0223,2026-03-26,instagram,short,15842,39050,51886,51886,4000,False
P00182,C013,CR0201,2026-03-26,instagram,long_form,12473,35681,50912,50912,4000,False
P00183,C013,CR0214,2026-03-26,instagram,reel,4229,11470,17553,17553,1000,False
P00184,C013,CR0207,2026-03-26,instagram,long_form,2199,3939,6562,6562,0,False
P00185,C013,CR0093,2026-03-26,instagram,carousel,1427,2319,4195,4195,0,False
P00186,C013,CR0072,2026-03-26,instagram,reel,843,2018,2546,2546,0,False
P00187,C013,CR0034,2026-03-26,instagram,long_form,883,2278,3238,3238,0,False
P00188,C013,CR0197,2026-03-26,instagram,long_form,5573,22665,30840,30840,1000,False
P00189,C013,CR0226,2026-03-26,instagram,reel,390440,1081855,1596934,1596934,30000,False
P00190,C013,CR0008,2026-03-26,instagram,carousel,262,569,886,886,0,False
P00191,C013,CR0298,2026-03-26,instagram,reel,24842,53831,73386,73386,4000,False
P00192,C013,CR0249,2026-03-26,instagram,carousel,11189,37834,49591,49591,1000,False
P00193,C013,CR0221,2026-03-26,instagram,reel,3474,12465,17236,17236,1000,False
P00194,C013,CR0017,2026-03-26,instagram,carousel,108,466,649,649,0,False
P00195,C013,CR0232,2026-03-26,instagram,short,39521,81641,131408,131408,10000,False
P00196,C014,CR0060,2026-04-02,youtube,short,225,469,709,709,0,False
P00197,C014,CR0043,2026-04-02,youtube,long_form,103,461,598,598,0,False
P00198,C014,CR0255,2026-04-02,youtube,short,18608,36365,64725,64725,4000,False
P00199,C014,CR0136,2026-04-02,youtube,long_form,1600,4390,6718,6718,0,False
P00200,C014,CR0096,2026-04-02,youtube,short,1465,3455,5370,5370,0,True
P00201,C014,CR0120,2026-04-02,youtube,short,368,1227,1848,1848,0,True
P00202,C014,CR0004,2026-04-02,youtube,short,430,1174,1682,1682,0,False
P00203,C014,CR0110,2026-04-02,youtube,long_form,461,1380,2107,2107,0,False
P00204,C014,CR0293,2026-04-02,youtube,reel,103119,467576,667639,667639,30000,False
P00205,C014,CR0057,2026-04-02,youtube,short,701,1615,2281,2281,0,False
P00206,C014,CR0053,2026-04-02,youtube,long_form,4033,11590,16877,16877,1000,True
P00207,C014,CR0281,2026-04-02,youtube,reel,19803,85691,129224,129224,10000,False
P00208,C014,CR0054,2026-04-02,youtube,short,1169,3777,4754,4754,0,False
P00209,C014,CR0247,2026-04-02,youtube,short,61795,205623,304169,304169,10000,False
P00210,C014,CR0236,2026-04-02,youtube,carousel,48245,97001,143578,143578,10000,False
P00211,C015,CR0042,2026-04-09,youtube,reel,1229,2527,3818,3818,0,False
P00212,C015,CR0100,2026-04-09,youtube,short,56,173,219,219,0,False
P00213,C015,CR0066,2026-04-09,youtube,long_form,60,252,389,389,0,False
P00214,C015,CR0272,2026-04-09,youtube,reel,46721,100974,163955,163955,5000,False
P00215,C015,CR0190,2026-04-09,youtube,long_form,3657,8312,12469,12469,500,False
P00216,C015,CR0224,2026-04-09,youtube,short,5034,20242,26119,26119,500,False
P00217,C015,CR0010,2026-04-09,youtube,short,725,2529,4150,4150,0,True
P00218,C015,CR0211,2026-04-09,youtube,reel,7587,15778,22488,22488,500,False
P00219,C015,CR0155,2026-04-09,youtube,long_form,3088,8358,14149,14149,500,False
P00220,C015,CR0200,2026-04-09,youtube,short,6433,24379,34666,34666,500,False
P00221,C015,CR0281,2026-04-09,youtube,reel,123412,450991,781530,781530,15000,False
P00222,C015,CR0019,2026-04-09,youtube,short,25,102,166,166,0,False
P00223,C015,CR0289,2026-04-09,youtube,reel,137966,400328,633451,633451,15000,False
P00224,C015,CR0216,2026-04-09,youtube,reel,24032,63621,79756,79756,2000,True
P00225,C015,CR0096,2026-04-09,youtube,reel,842,2066,3287,3287,0,False
P00226,C016,CR0217,2026-04-16,instagram,reel,22136,44299,67265,67265,4000,False
P00227,C016,CR0232,2026-04-16,instagram,carousel,127686,218071,380190,380190,10000,False
P00228,C016,CR0227,2026-04-16,instagram,reel,94224,398933,558686,558686,30000,False
P00229,C016,CR0095,2026-04-16,instagram,reel,214,606,793,793,0,False
P00230,C016,CR0245,2026-04-16,instagram,long_form,15799,38042,67859,67859,4000,False
P00231,C016,CR0296,2026-04-16,instagram,short,490818,1607767,2088409,2088409,30000,False
P00232,C016,CR0265,2026-04-16,instagram,long_form,34988,94011,148763,148763,10000,False
P00233,C016,CR0234,2026-04-16,instagram,long_form,19954,46827,79646,79646,4000,False
P00234,C016,CR0241,2026-04-16,instagram,carousel,834217,2710355,3585230,3585230,30000,False
P00235,C016,CR0048,2026-04-16,instagram,short,976,2158,2842,2842,0,False
P00236,C016,CR0065,2026-04-16,instagram,short,587,2409,3193,3193,0,False
P00237,C016,CR0238,2026-04-16,instagram,long_form,72235,288449,417458,417458,10000,False
P00238,C016,CR0067,2026-04-16,instagram,reel,908,2541,3371,3371,0,False
P00239,C016,CR0127,2026-04-16,instagram,reel,9475,19436,33530,33530,1000,False
P00240,C016,CR0252,2026-04-16,instagram,reel,14892,50184,79555,79555,4000,False
P00241,C017,CR0005,2026-04-23,instagram,long_form,527,1676,2910,2910,0,False
P00242,C017,CR0174,2026-04-23,instagram,carousel,34472,109174,139862,139862,10000,False
P00243,C017,CR0038,2026-04-23,instagram,short,406,951,1209,1209,0,False
P00244,C017,CR0240,2026-04-23,instagram,short,73775,189004,316319,316319,10000,False
P00245,C017,CR0218,2026-04-23,instagram,long_form,4148,8079,14254,14254,1000,False
P00246,C017,CR0276,2026-04-23,instagram,reel,19201,39176,68311,68311,4000,False
P00247,C017,CR0117,2026-04-23,instagram,carousel,919,1651,2828,2828,0,False
P00248,C017,CR0291,2026-04-23,instagram,short,1604055,4329789,7661206,7661206,30000,False
P00249,C017,CR0212,2026-04-23,instagram,long_form,1789,4720,7878,7878,0,False
P00250,C017,CR0256,2026-04-23,instagram,short,34318,107067,156651,156651,10000,False
P00251,C017,CR0164,2026-04-23,instagram,short,12079,35743,45156,45156,1000,False
P00252,C017,CR0168,2026-04-23,instagram,long_form,3502,14233,21656,21656,1000,False
P00253,C017,CR0033,2026-04-23,instagram,short,2146,5089,8880,8880,0,False
P00254,C017,CR0084,2026-04-23,instagram,long_form,56,162,223,223,0,False
P00255,C017,CR0129,2026-04-23,instagram,long_form,3086,8367,11328,11328,1000,False
P00256,C018,CR0184,2026-04-30,instagram,long_form,17882,70794,92532,92532,4000,True
P00257,C018,CR0204,2026-04-30,instagram,long_form,8948,30274,47694,47694,1000,False
P00258,C018,CR0223,2026-04-30,instagram,long_form,6559,14837,20022,20022,1000,False
P00259,C018,CR0125,2026-04-30,instagram,long_form,2197,4638,6380,6380,0,False
P00260,C018,CR0257,2026-04-30,instagram,long_form,36010,166961,228052,228052,10000,False
P00261,C018,CR0021,2026-04-30,instagram,long_form,5976,13001,17591,17591,1000,True
P00262,C018,CR0168,2026-04-30,instagram,carousel,12699,33788,53534,53534,4000,False
P00263,C018,CR0259,2026-04-30,instagram,long_form,43269,104851,131269,131269,10000,False
P00264,C018,CR0108,2026-04-30,instagram,reel,79,271,426,426,0,False
P00265,C018,CR0267,2026-04-30,instagram,short,160924,503456,645613,645613,30000,False
P00266,C018,CR0157,2026-04-30,instagram,short,3952,9769,17137,17137,1000,False
P00267,C018,CR0263,2026-04-30,instagram,short,2774,10146,14633,14633,1000,False
P00268,C018,CR0011,2026-04-30,instagram,short,71,241,319,319,0,False
P00269,C018,CR0241,2026-04-30,instagram,reel,372585,739529,1151210,1151210,30000,False
P00270,C018,CR0235,2026-04-30,instagram,long_form,12078,37225,65620,65620,4000,False
P00271,C019,CR0039,2026-05-07,instagram,long_form,258,1212,1584,1584,0,False
P00272,C019,CR0125,2026-05-07,instagram,long_form,6839,32378,42413,42413,1000,True
P00273,C019,CR0240,2026-05-07,instagram,reel,94429,205359,305492,305492,10000,False
P00274,C019,CR0218,2026-05-07,instagram,carousel,1373,5780,7629,7629,0,False
P00275,C019,CR0034,2026-05-07,instagram,reel,1219,3108,4309,4309,0,False
P00276,C019,CR0207,2026-05-07,instagram,short,1154,3517,5170,5170,0,False
P00277,C019,CR0041,2026-05-07,instagram,short,716,2296,3581,3581,0,False
P00278,C019,CR0150,2026-05-07,instagram,short,5293,11421,19576,19576,1000,False
P00279,C019,CR0048,2026-05-07,instagram,long_form,34,105,191,191,0,False
P00280,C019,CR0168,2026-05-07,instagram,short,5063,8179,14574,14574,1000,False
P00281,C019,CR0260,2026-05-07,instagram,long_form,48682,103404,161619,161619,10000,False
P00282,C019,CR0051,2026-05-07,instagram,short,587,1037,1688,1688,0,False
P00283,C019,CR0267,2026-05-07,instagram,reel,246008,683397,913550,913550,30000,False
P00284,C019,CR0209,2026-05-07,instagram,long_form,11715,23035,37651,37651,1000,False
P00285,C019,CR0171,2026-05-07,instagram,long_form,10733,22989,31909,31909,1000,False
P00286,C020,CR0178,2026-05-14,youtube,carousel,1749,4077,7069,7069,0,False
P00287,C020,CR0102,2026-05-14,youtube,carousel,680,3260,4165,4165,0,False
P00288,C020,CR0106,2026-05-14,youtube,reel,234,1071,1383,1383,0,False
P00289,C020,CR0229,2026-05-14,youtube,short,11552,28359,40061,40061,250,False
P00290,C020,CR0216,2026-05-14,youtube,carousel,2403,5671,8994,8994,0,False
P00291,C020,CR0035,2026-05-14,youtube,short,596,1596,2229,2229,0,False
P00292,C020,CR0043,2026-05-14,youtube,short,275,907,1511,1511,0,False
P00293,C020,CR0281,2026-05-14,youtube,short,134532,286187,508987,508987,7500,False
P00294,C020,CR0248,2026-05-14,youtube,short,52509,136197,186558,186558,2500,False
P00295,C020,CR0293,2026-05-14,youtube,reel,168165,418576,611617,611617,7500,False
P00296,C020,CR0156,2026-05-14,youtube,long_form,2278,6850,8917,8917,0,False
P00297,C020,CR0054,2026-05-14,youtube,reel,321,724,1196,1196,0,False
P00298,C020,CR0075,2026-05-14,youtube,long_form,384,908,1432,1432,0,False
P00299,C020,CR0172,2026-05-14,youtube,short,11664,26916,39587,39587,250,False
P00300,C020,CR0086,2026-05-14,youtube,short,580,1979,3077,3077,0,False
P00301,C021,CR0018,2026-05-21,youtube,carousel,210,778,1227,1227,0,False
P00302,C021,CR0225,2026-05-21,youtube,long_form,3977,9804,13061,13061,750,False
P00303,C021,CR0088,2026-05-21,youtube,reel,134,328,584,584,0,False
P00304,C021,CR0030,2026-05-21,youtube,long_form,524,1418,2062,2062,0,False
P00305,C021,CR0200,2026-05-21,youtube,reel,8583,39463,54753,54753,3000,False
P00306,C021,CR0192,2026-05-21,youtube,long_form,13512,37053,65775,65775,3000,False
P00307,C021,CR0211,2026-05-21,youtube,carousel,2676,6398,9613,9613,0,False
P00308,C021,CR0028,2026-05-21,youtube,short,241,867,1427,1427,0,False
P00309,C021,CR0052,2026-05-21,youtube,carousel,1393,3239,5365,5365,0,False
P00310,C021,CR0167,2026-05-21,youtube,short,1746,5518,7811,7811,0,False
P00311,C021,CR0010,2026-05-21,youtube,carousel,529,1213,1602,1602,0,False
P00312,C021,CR0253,2026-05-21,youtube,long_form,70869,184318,255069,255069,7500,False
P00313,C021,CR0014,2026-05-21,youtube,reel,3787,7966,12364,12364,750,False
P00314,C021,CR0094,2026-05-21,youtube,long_form,1308,3432,5206,5206,0,False
P00315,C021,CR0213,2026-05-21,youtube,short,443,1514,2405,2405,0,False
P00316,C022,CR0007,2026-05-28,instagram,short,3789,10706,13596,13596,750,False
P00317,C022,CR0063,2026-05-28,instagram,short,365,1451,2358,2358,0,False
P00318,C022,CR0175,2026-05-28,instagram,short,16204,41789,56726,56726,3000,False
P00319,C022,CR0040,2026-05-28,instagram,long_form,151,369,660,660,0,False
P00320,C022,CR0262,2026-05-28,instagram,reel,130575,587735,852537,852537,22500,False
P00321,C022,CR0169,2026-05-28,instagram,short,689,1877,2663,2663,0,False
P00322,C022,CR0252,2026-05-28,instagram,long_form,262388,435573,782696,782696,22500,False
P00323,C022,CR0149,2026-05-28,instagram,long_form,2736,7981,14487,14487,750,False
P00324,C022,CR0246,2026-05-28,instagram,short,145101,392984,604040,604040,22500,False
P00325,C022,CR0222,2026-05-28,instagram,carousel,1152,2388,4110,4110,0,False
P00326,C022,CR0048,2026-05-28,instagram,short,50,172,219,219,0,False
P00327,C022,CR0267,2026-05-28,instagram,long_form,127058,297696,448212,448212,7500,False
P00328,C022,CR0258,2026-05-28,instagram,carousel,19813,44162,72620,72620,3000,False
P00329,C022,CR0228,2026-05-28,instagram,long_form,25763,59409,78707,78707,3000,False
P00330,C022,CR0037,2026-05-28,instagram,short,144,348,581,581,0,False
P00331,C023,CR0070,2026-06-04,instagram,carousel,1425,3460,4381,4381,0,False
P00332,C023,CR0195,2026-06-04,instagram,long_form,1374,3409,5200,5200,0,False
P00333,C023,CR0214,2026-06-04,instagram,long_form,545,1569,2750,2750,0,False
P00334,C023,CR0127,2026-06-04,instagram,reel,19017,46866,68896,68896,2000,False
P00335,C023,CR0260,2026-06-04,instagram,short,9311,17747,29599,29599,500,False
P00336,C023,CR0059,2026-06-04,instagram,short,118,343,449,449,0,False
P00337,C023,CR0068,2026-06-04,instagram,short,962,2225,3108,3108,0,False
P00338,C023,CR0209,2026-06-04,instagram,short,3625,11671,15490,15490,500,False
P00339,C023,CR0097,2026-06-04,instagram,long_form,331,1001,1448,1448,0,False
P00340,C023,CR0168,2026-06-04,instagram,carousel,12262,25020,38544,38544,500,False
P00341,C023,CR0164,2026-06-04,instagram,short,22382,55661,71933,71933,2000,False
P00342,C023,CR0163,2026-06-04,instagram,long_form,7002,20236,28763,28763,500,False
P00343,C023,CR0287,2026-06-04,instagram,short,35898,90992,134754,134754,5000,False
P00344,C023,CR0207,2026-06-04,instagram,long_form,3188,6772,10660,10660,500,False
P00345,C023,CR0146,2026-06-04,instagram,carousel,10281,23967,38574,38574,500,False
P00346,C024,CR0086,2026-06-11,youtube,long_form,4046,13643,20129,20129,375,False
P00347,C024,CR0098,2026-06-11,youtube,short,39,97,122,122,0,False
P00348,C024,CR0178,2026-06-11,youtube,carousel,3629,15043,23204,23204,375,False
P00349,C024,CR0103,2026-06-11,youtube,long_form,1697,4280,6616,6616,0,False
P00350,C024,CR0110,2026-06-11,youtube,carousel,579,1072,1765,1765,0,False
P00351,C024,CR0236,2026-06-11,youtube,short,79434,141112,230646,230646,3750,False
P00352,C024,CR0094,2026-06-11,youtube,reel,1254,4341,6425,6425,0,False
P00353,C024,CR0242,2026-06-11,youtube,long_form,54109,161146,214330,214330,3750,True
P00354,C024,CR0102,2026-06-11,youtube,carousel,199,796,1084,1084,0,False
P00355,C024,CR0053,2026-06-11,youtube,carousel,211,354,644,644,0,False
P00356,C024,CR0216,2026-06-11,youtube,long_form,2052,5849,9465,9465,0,False
P00357,C024,CR0280,2026-06-11,youtube,short,54544,129896,187219,187219,3750,False
P00358,C024,CR0088,2026-06-11,youtube,carousel,99,400,540,540,0,False
P00359,C024,CR0277,2026-06-11,youtube,short,15847,57038,84594,84594,1500,False
P00360,C024,CR0026,2026-06-11,youtube,reel,311,803,1058,1058,0,False
P00361,C025,CR0253,2026-06-18,youtube,long_form,99171,221834,306145,306145,3750,False
P00362,C025,CR0266,2026-06-18,youtube,long_form,58145,100176,174180,174180,3750,False
P00363,C025,CR0172,2026-06-18,youtube,reel,6252,12199,18447,18447,375,False
P00364,C025,CR0075,2026-06-18,youtube,long_form,274,1130,1507,1507,0,False
P00365,C025,CR0082,2026-06-18,youtube,carousel,1650,5321,7472,7472,0,True
P00366,C025,CR0248,2026-06-18,youtube,carousel,108401,354656,612282,612282,11250,False
P00367,C025,CR0119,2026-06-18,youtube,reel,147,552,764,764,0,False
P00368,C025,CR0193,2026-06-18,youtube,long_form,4231,8115,12556,12556,375,False
P00369,C025,CR0113,2026-06-18,youtube,carousel,491,1076,1414,1414,0,False
P00370,C025,CR0121,2026-06-18,youtube,carousel,550,1794,2493,2493,0,False
P00371,C025,CR0294,2026-06-18,youtube,carousel,2660176,11459136,16394447,16394447,11250,False
P00372,C025,CR0020,2026-06-18,youtube,carousel,239,813,1110,1110,0,False
P00373,C025,CR0188,2026-06-18,youtube,short,8486,18910,26142,26142,375,True
P00374,C025,CR0278,2026-06-18,youtube,reel,28153,95319,136330,136330,3750,False
P00375,C025,CR0036,2026-06-18,youtube,long_form,256,888,1235,1235,0,False
P00376,C026,CR0048,2026-06-25,instagram,reel,89,200,301,301,0,False
P00377,C026,CR0034,2026-06-25,instagram,reel,214,731,1103,1103,0,False
P00378,C026,CR0258,2026-06-25,instagram,carousel,68312,169321,238215,238215,3750,False
P00379,C026,CR0240,2026-06-25,instagram,long_form,65189,305903,409655,409655,3750,False
P00380,C026,CR0045,2026-06-25,instagram,short,737,2231,3705,3705,0,False
P00381,C026,CR0252,2026-06-25,instagram,long_form,160716,341087,529542,529542,11250,False
P00382,C026,CR0180,2026-06-25,instagram,long_form,1918,3862,6129,6129,0,False
P00383,C026,CR0223,2026-06-25,instagram,carousel,4876,15206,20634,20634,375,False
P00384,C026,CR0049,2026-06-25,instagram,long_form,1430,3530,5609,5609,0,False
P00385,C026,CR0068,2026-06-25,instagram,reel,940,2792,4052,4052,0,False
P00386,C026,CR0201,2026-06-25,instagram,long_form,22250,51131,92118,92118,1500,True
P00387,C026,CR0059,2026-06-25,instagram,short,24,76,118,118,0,False
P00388,C026,CR0259,2026-06-25,instagram,long_form,16878,68772,100045,100045,3750,False
P00389,C026,CR0070,2026-06-25,instagram,short,809,2314,4163,4163,0,False
P00390,C026,CR0298,2026-06-25,instagram,carousel,21060,93415,117456,117456,3750,False
P00391,C027,CR0288,2026-07-02,instagram,long_form,17923,84825,106884,106884,5000,False
P00392,C027,CR0077,2026-07-02,instagram,short,181,499,774,774,0,False
P00393,C027,CR0157,2026-07-02,instagram,carousel,2309,7282,10226,10226,500,False
P00394,C027,CR0170,2026-07-02,instagram,long_form,18983,39260,56739,56739,2000,False
P00395,C027,CR0140,2026-07-02,instagram,long_form,1699,3963,5969,5969,0,False
P00396,C027,CR0011,2026-07-02,instagram,short,306,534,956,956,0,False
P00397,C027,CR0295,2026-07-02,instagram,long_form,2925074,11534939,16053390,16053390,15000,True
P00398,C027,CR0249,2026-07-02,instagram,reel,8356,20025,31226,31226,500,False
P00399,C027,CR0063,2026-07-02,instagram,long_form,264,953,1380,1380,0,False
P00400,C027,CR0287,2026-07-02,instagram,carousel,80321,214176,374781,374781,5000,False
P00401,C027,CR0078,2026-07-02,instagram,carousel,21,81,108,108,0,True
P00402,C027,CR0024,2026-07-02,instagram,long_form,308,834,1322,1322,0,False
P00403,C027,CR0055,2026-07-02,instagram,carousel,1347,5547,7454,7454,0,False
P00404,C027,CR0258,2026-07-02,instagram,long_form,27407,68534,108083,108083,5000,False
P00405,C027,CR0153,2026-07-02,instagram,reel,11466,25816,34454,34454,500,False
P00406,C028,CR0266,2026-07-09,youtube,carousel,10945,37261,54338,54338,1500,False
P00407,C028,CR0200,2026-07-09,youtube,short,17246,38811,65139,65139,1500,False
P00408,C028,CR0027,2026-07-09,youtube,short,612,1231,1821,1821,0,False
P00409,C028,CR0086,2026-07-09,youtube,long_form,836,2087,2864,2864,0,False
P00410,C028,CR0193,2026-07-09,youtube,carousel,526,2172,3097,3097,0,False
P00411,C028,CR0299,2026-07-09,youtube,carousel,134576,570391,829996,829996,11250,False
P00412,C028,CR0155,2026-07-09,youtube,reel,5135,10248,16335,16335,375,False
P00413,C028,CR0289,2026-07-09,youtube,reel,402943,1175957,1647510,1647510,11250,False
P00414,C028,CR0192,2026-07-09,youtube,reel,27021,59760,85553,85553,1500,False
P00415,C028,CR0064,2026-07-09,youtube,long_form,42,189,255,255,0,False
P00416,C028,CR0189,2026-07-09,youtube,long_form,34427,71481,114695,114695,3750,False
P00417,C028,CR0278,2026-07-09,youtube,carousel,44931,96127,155131,155131,3750,False
P00418,C028,CR0101,2026-07-09,youtube,long_form,667,1886,3100,3100,0,False
P00419,C028,CR0233,2026-07-09,youtube,reel,66014,186756,269614,269614,3750,False
P00420,C028,CR0156,2026-07-09,youtube,short,20138,43826,62555,62555,1500,False
P00421,C029,CR0162,2026-07-16,instagram,short,14178,42902,70618,70618,3000,False
P00422,C029,CR0230,2026-07-16,instagram,short,556435,1121276,2034075,2034075,22500,False
P00423,C029,CR0260,2026-07-16,instagram,reel,35201,77915,105123,105123,7500,False
P00424,C029,CR0109,2026-07-16,instagram,short,2435,4695,7058,7058,0,False
P00425,C029,CR0065,2026-07-16,instagram,long_form,1019,1789,3115,3115,0,False
P00426,C029,CR0252,2026-07-16,instagram,short,52675,130064,193008,193008,7500,False
P00427,C029,CR0037,2026-07-16,instagram,long_form,123,422,604,604,0,False
P00428,C029,CR0025,2026-07-16,instagram,reel,307,606,943,943,0,False
P00429,C029,CR0063,2026-07-16,instagram,short,704,1573,2376,2376,0,False
P00430,C029,CR0219,2026-07-16,instagram,reel,8229,19207,26280,26280,750,False
P00431,C029,CR0231,2026-07-16,instagram,carousel,120232,310176,441720,441720,7500,False
P00432,C029,CR0114,2026-07-16,instagram,short,123,512,717,717,0,False
P00433,C029,CR0286,2026-07-16,instagram,carousel,456563,1585358,2389734,2389734,22500,False
P00434,C029,CR0220,2026-07-16,instagram,reel,722,1730,2222,2222,0,False
P00435,C029,CR0051,2026-07-16,instagram,carousel,156,560,981,981,0,False
P00436,C030,CR0273,2026-07-23,instagram,short,16976,70916,89785,89785,2000,False
P00437,C030,CR0258,2026-07-23,instagram,long_form,49457,109746,173411,173411,5000,False
P00438,C030,CR0288,2026-07-23,instagram,long_form,294502,859316,1400002,1400002,15000,False
P00439,C030,CR0182,2026-07-23,instagram,reel,184,543,768,768,0,False
P00440,C030,CR0049,2026-07-23,instagram,reel,1325,3827,6481,6481,0,False
P00441,C030,CR0199,2026-07-23,instagram,long_form,21039,52207,87362,87362,2000,False
P00442,C030,CR0298,2026-07-23,instagram,reel,40555,110765,140926,140926,5000,False
P00443,C030,CR0176,2026-07-23,instagram,short,8411,27798,49575,49575,500,False
P00444,C030,CR0292,2026-07-23,instagram,long_form,256455,1182799,1589300,1589300,15000,False
P00445,C030,CR0139,2026-07-23,instagram,reel,1189,5148,6444,6444,0,False
P00446,C030,CR0039,2026-07-23,instagram,reel,1901,4660,6402,6402,0,False
P00447,C030,CR0116,2026-07-23,instagram,short,662,3086,4411,4411,0,False
P00448,C030,CR0040,2026-07-23,instagram,short,322,846,1491,1491,0,False
P00449,C030,CR0045,2026-07-23,instagram,reel,386,1448,1821,1821,0,False
P00450,C030,CR0223,2026-07-23,instagram,carousel,12809,34264,47414,47414,500,False
